user_input,response
What are the common pests that attack tomato plants?,"Common pests include aphids, tomato hornworms, whiteflies, and spider mites."
How do I identify pests on my tomato plants?,"Look for signs like holes in leaves, discolored spots, or the presence of insects on the plant."
How do I get rid of pests on my tomato plants?,"Use insecticidal soaps, neem oil, or introduce beneficial insects like ladybugs."
What natural ways can I use to control pests?,"Implement companion planting, use homemade sprays like a mixture of water and dish soap, or introduce natural predators."
Can pests completely destroy my tomato crop?,"Yes, severe infestations can lead to significant damage or loss of the crop."
What are the most common diseases in tomato plants?,"Common diseases include blight, blossom-end rot, and fusarium wilt."
How can I prevent diseases in tomato plants?,"Practice crop rotation, ensure proper spacing for air circulation, and avoid overhead watering."
Why are my tomato leaves turning yellow?,"Yellowing leaves can indicate nutrient deficiencies, overwatering, or disease."
How do I treat blossom-end rot in tomatoes?,Ensure consistent watering and add calcium to the soil if needed.
Why do my tomatoes have black spots on them?,Black spots can be a sign of blossom-end rot or fungal infections.
What type of soil is best for growing tomatoes?,"Well-draining, loamy soil rich in organic matter is ideal."
Should I use compost or fertilizer for tomato plants?,Both compost and balanced fertilizers can provide essential nutrients.
How often should I fertilize my tomato plants?,Fertilize at planting and then every 4-6 weeks during the growing season.
What nutrients are essential for healthy tomato growth?,"Nitrogen, phosphorus, potassium, and calcium are crucial."
How do I fix nutrient deficiencies in tomato plants?,Identify the deficient nutrient and amend the soil accordingly with specific fertilizers.
How often should I water my tomato plants?,"Water deeply 2-3 times a week, adjusting for rainfall and temperature."
Should I water tomato plants in the morning or evening?,Morning watering is preferable to reduce disease risk.
Can overwatering damage tomato plants?,"Yes, overwatering can lead to root rot and other issues."
How can I tell if my tomato plants need water?,"Check the soil moisture; if the top inch is dry, it's time to water."
What is the best way to water tomatoes in pots?,"Water thoroughly until it drains out the bottom, ensuring consistent moisture."
How do I know when tomatoes are ripe and ready to pick?,Ripe tomatoes are fully colored and slightly soft to the touch.
Can I harvest green tomatoes and let them ripen indoors?,"Yes, place them in a warm area away from direct sunlight to ripen."
What’s the best way to store freshly picked tomatoes?,Store at room temperature away from direct sunlight; avoid refrigeration.
How long does it take for a tomato to ripen after it is picked?,"It can take several days to a week, depending on maturity and conditions."
Why are my tomatoes not ripening on the vine?,"Factors include high temperatures, lack of sunlight, or nutrient imbalances."
What are the common pests that attack tomato plants?,"Common pests include aphids, tomato hornworms, whiteflies, and spider mites."
How do I identify pests on my tomato plants?,"Look for signs like holes in leaves, discolored spots, or the presence of insects on the plant."
How do I get rid of pests on my tomato plants?,"Use insecticidal soaps, neem oil, or introduce beneficial insects like ladybugs."
What natural ways can I use to control pests?,"Implement companion planting, use homemade sprays like a mixture of water and dish soap, or introduce natural predators."
Can pests completely destroy my tomato crop?,"Yes, severe infestations can lead to significant damage or loss of the crop."
What are the most common diseases in tomato plants?,"Common diseases include blight, blossom-end rot, and fusarium wilt."
How can I prevent diseases in tomato plants?,"Practice crop rotation, ensure proper spacing for air circulation, and avoid overhead watering."
Why are my tomato leaves turning yellow?,"Yellowing leaves can indicate nutrient deficiencies, overwatering, or disease."
How do I treat blossom-end rot in tomatoes?,Ensure consistent watering and add calcium to the soil if needed.
Why do my tomatoes have black spots on them?,Black spots can be a sign of blossom-end rot or fungal infections.
What type of soil is best for growing tomatoes?,"Well-draining, loamy soil rich in organic matter is ideal."
Should I use compost or fertilizer for tomato plants?,Both compost and balanced fertilizers can provide essential nutrients.
How often should I fertilize my tomato plants?,Fertilize at planting and then every 4-6 weeks during the growing season.
What nutrients are essential for healthy tomato growth?,"Nitrogen, phosphorus, potassium, and calcium are crucial."
How do I fix nutrient deficiencies in tomato plants?,Identify the deficient nutrient and amend the soil accordingly with specific fertilizers.
How often should I water my tomato plants?,"Water deeply 2-3 times a week, adjusting for rainfall and temperature."
Should I water tomato plants in the morning or evening?,Morning watering is preferable to reduce disease risk.
Can overwatering damage tomato plants?,"Yes, overwatering can lead to root rot and other issues."
How can I tell if my tomato plants need water?,"Check the soil moisture; if the top inch is dry, it's time to water."
What is the best way to water tomatoes in pots?,"Water thoroughly until it drains out the bottom, ensuring consistent moisture."
How do I know when tomatoes are ripe and ready to pick?,Ripe tomatoes are fully colored and slightly soft to the touch.
Can I harvest green tomatoes and let them ripen indoors?,"Yes, place them in a warm area away from direct sunlight to ripen."
What’s the best way to store freshly picked tomatoes?,Store at room temperature away from direct sunlight; avoid refrigeration.
How long does it take for a tomato to ripen after it is picked?,"It can take several days to a week, depending on maturity and conditions."
Why are my tomatoes not ripening on the vine?,"Factors include high temperatures, lack of sunlight, or nutrient imbalances."
What are the common pests that attack tomato plants?,"Common pests include aphids, tomato hornworms, whiteflies, and spider mites."
How do I identify pests on my tomato plants?,"Look for signs like holes in leaves, discolored spots, or the presence of insects on the plant."
How do I get rid of pests on my tomato plants?,"Use insecticidal soaps, neem oil, or introduce beneficial insects like ladybugs."
What natural ways can I use to control pests?,"Implement companion planting, use homemade sprays like a mixture of water and dish soap, or introduce natural predators."
Can pests completely destroy my tomato crop?,"Yes, severe infestations can lead to significant damage or loss of the crop."
What are the most common diseases in tomato plants?,"Common diseases include blight, blossom-end rot, and fusarium wilt."
How can I prevent diseases in tomato plants?,"Practice crop rotation, ensure proper spacing for air circulation, and avoid overhead watering."
Why are my tomato leaves turning yellow?,"Yellowing leaves can indicate nutrient deficiencies, overwatering, or disease."
How do I treat blossom-end rot in tomatoes?,Ensure consistent watering and add calcium to the soil if needed.
Why do my tomatoes have black spots on them?,Black spots can be a sign of blossom-end rot or fungal infections.
What type of soil is best for growing tomatoes?,"Well-draining, loamy soil rich in organic matter is ideal."
Should I use compost or fertilizer for tomato plants?,Both compost and balanced fertilizers can provide essential nutrients.
How often should I fertilize my tomato plants?,Fertilize at planting and then every 4-6 weeks during the growing season.
What nutrients are essential for healthy tomato growth?,"Nitrogen, phosphorus, potassium, and calcium are crucial."
How do I fix nutrient deficiencies in tomato plants?,Identify the deficient nutrient and amend the soil accordingly with specific fertilizers.
How often should I water my tomato plants?,"Water deeply 2-3 times a week, adjusting for rainfall and temperature."
Should I water tomato plants in the morning or evening?,Morning watering is preferable to reduce disease risk.
Can overwatering damage tomato plants?,"Yes, overwatering can lead to root rot and other issues."
How can I tell if my tomato plants need water?,"Check the soil moisture; if the top inch is dry, it's time to water."
What is the best way to water tomatoes in pots?,"Water thoroughly until it drains out the bottom, ensuring consistent moisture."
How do I know when tomatoes are ripe and ready to pick?,Ripe tomatoes are fully colored and slightly soft to the touch.
Can I harvest green tomatoes and let them ripen indoors?,"Yes, place them in a warm area away from direct sunlight to ripen."
What’s the best way to store freshly picked tomatoes?,Store at room temperature away from direct sunlight; avoid refrigeration.
How long does it take for a tomato to ripen after it is picked?,"It can take several days to a week, depending on maturity and conditions."
Why are my tomatoes not ripening on the vine?,"Factors include high temperatures, lack of sunlight, or nutrient imbalances."
What are the common pests that attack tomato plants?,"Common pests include aphids, tomato hornworms, whiteflies, and spider mites."
How do I identify pests on my tomato plants?,"Look for signs like holes in leaves, discolored spots, or the presence of insects on the plant."
How do I get rid of pests on my tomato plants?,"Use insecticidal soaps, neem oil, or introduce beneficial insects like ladybugs."
What natural ways can I use to control pests?,"Implement companion planting, use homemade sprays like a mixture of water and dish soap, or introduce natural predators."
Can pests completely destroy my tomato crop?,"Yes, severe infestations can lead to significant damage or loss of the crop."
What are the most common diseases in tomato plants?,"Common diseases include blight, blossom-end rot, and fusarium wilt."
How can I prevent diseases in tomato plants?,"Practice crop rotation, ensure proper spacing for air circulation, and avoid overhead watering."
Why are my tomato leaves turning yellow?,"Yellowing leaves can indicate nutrient deficiencies, overwatering, or disease."
How do I treat blossom-end rot in tomatoes?,Ensure consistent watering and add calcium to the soil if needed.
Why do my tomatoes have black spots on them?,Black spots can be a sign of blossom-end rot or fungal infections.
What type of soil is best for growing tomatoes?,"Well-draining, loamy soil rich in organic matter is ideal."
Should I use compost or fertilizer for tomato plants?,Both compost and balanced fertilizers can provide essential nutrients.
How often should I fertilize my tomato plants?,Fertilize at planting and then every 4-6 weeks during the growing season.
What nutrients are essential for healthy tomato growth?,"Nitrogen, phosphorus, potassium, and calcium are crucial."
How do I fix nutrient deficiencies in tomato plants?,Identify the deficient nutrient and amend the soil accordingly with specific fertilizers.
How often should I water my tomato plants?,"Water deeply 2-3 times a week, adjusting for rainfall and temperature."
Should I water tomato plants in the morning or evening?,Morning watering is preferable to reduce disease risk.
Can overwatering damage tomato plants?,"Yes, overwatering can lead to root rot and other issues."
How can I tell if my tomato plants need water?,"Check the soil moisture; if the top inch is dry, it's time to water."
What is the best way to water tomatoes in pots?,"Water thoroughly until it drains out the bottom, ensuring consistent moisture."
How do I know when tomatoes are ripe and ready to pick?,Ripe tomatoes are fully colored and slightly soft to the touch.
Can I harvest green tomatoes and let them ripen indoors?,"Yes, place them in a warm area away from direct sunlight to ripen."
What’s the best way to store freshly picked tomatoes?,Store at room temperature away from direct sunlight; avoid refrigeration.
How long does it take for a tomato to ripen after it is picked?,"It can take several days to a week, depending on maturity and conditions."
Why are my tomatoes not ripening on the vine?,"Factors include high temperatures, lack of sunlight, or nutrient imbalances."
What are the common pests that attack tomato plants?,"Common pests include aphids, tomato hornworms, whiteflies, and spider mites."
How do I identify pests on my tomato plants?,"Look for signs like holes in leaves, discolored spots, or the presence of insects on the plant."
How do I get rid of pests on my tomato plants?,"Use insecticidal soaps, neem oil, or introduce beneficial insects like ladybugs."
What natural ways can I use to control pests?,"Implement companion planting, use homemade sprays like a mixture of water and dish soap, or introduce natural predators."
Can pests completely destroy my tomato crop?,"Yes, severe infestations can lead to significant damage or loss of the crop."
What are the most common diseases in tomato plants?,"Common diseases include blight, blossom-end rot, and fusarium wilt."
How can I prevent diseases in tomato plants?,"Practice crop rotation, ensure proper spacing for air circulation, and avoid overhead watering."
Why are my tomato leaves turning yellow?,"Yellowing leaves can indicate nutrient deficiencies, overwatering, or disease."
How do I treat blossom-end rot in tomatoes?,Ensure consistent watering and add calcium to the soil if needed.
Why do my tomatoes have black spots on them?,Black spots can be a sign of blossom-end rot or fungal infections.
What type of soil is best for growing tomatoes?,"Well-draining, loamy soil rich in organic matter is ideal."
Should I use compost or fertilizer for tomato plants?,Both compost and balanced fertilizers can provide essential nutrients.
How often should I fertilize my tomato plants?,Fertilize at planting and then every 4-6 weeks during the growing season.
What nutrients are essential for healthy tomato growth?,"Nitrogen, phosphorus, potassium, and calcium are crucial."
How do I fix nutrient deficiencies in tomato plants?,Identify the deficient nutrient and amend the soil accordingly with specific fertilizers.
How often should I water my tomato plants?,"Water deeply 2-3 times a week, adjusting for rainfall and temperature."
Should I water tomato plants in the morning or evening?,Morning watering is preferable to reduce disease risk.
Can overwatering damage tomato plants?,"Yes, overwatering can lead to root rot and other issues."
How can I tell if my tomato plants need water?,"Check the soil moisture; if the top inch is dry, it's time to water."
What is the best way to water tomatoes in pots?,"Water thoroughly until it drains out the bottom, ensuring consistent moisture."
How do I know when tomatoes are ripe and ready to pick?,Ripe tomatoes are fully colored and slightly soft to the touch.
Can I harvest green tomatoes and let them ripen indoors?,"Yes, place them in a warm area away from direct sunlight to ripen."
What’s the best way to store freshly picked tomatoes?,Store at room temperature away from direct sunlight; avoid refrigeration.
How long does it take for a tomato to ripen after it is picked?,"It can take several days to a week, depending on maturity and conditions."
Why are my tomatoes not ripening on the vine?,"Factors include high temperatures, lack of sunlight, or nutrient imbalances."
What are the common pests that attack tomato plants?,"Common pests include aphids, tomato hornworms, whiteflies, and spider mites."
How do I identify pests on my tomato plants?,"Look for signs like holes in leaves, discolored spots, or the presence of insects on the plant."
How do I get rid of pests on my tomato plants?,"Use insecticidal soaps, neem oil, or introduce beneficial insects like ladybugs."
What natural ways can I use to control pests?,"Implement companion planting, use homemade sprays like a mixture of water and dish soap, or introduce natural predators."
Can pests completely destroy my tomato crop?,"Yes, severe infestations can lead to significant damage or loss of the crop."
What are the most common diseases in tomato plants?,"Common diseases include blight, blossom-end rot, and fusarium wilt."
How can I prevent diseases in tomato plants?,"Practice crop rotation, ensure proper spacing for air circulation, and avoid overhead watering."
Why are my tomato leaves turning yellow?,"Yellowing leaves can indicate nutrient deficiencies, overwatering, or disease."
How do I treat blossom-end rot in tomatoes?,Ensure consistent watering and add calcium to the soil if needed.
Why do my tomatoes have black spots on them?,Black spots can be a sign of blossom-end rot or fungal infections.
What type of soil is best for growing tomatoes?,"Well-draining, loamy soil rich in organic matter is ideal."
Should I use compost or fertilizer for tomato plants?,Both compost and balanced fertilizers can provide essential nutrients.
How often should I fertilize my tomato plants?,Fertilize at planting and then every 4-6 weeks during the growing season.
What nutrients are essential for healthy tomato growth?,"Nitrogen, phosphorus, potassium, and calcium are crucial."
How do I fix nutrient deficiencies in tomato plants?,Identify the deficient nutrient and amend the soil accordingly with specific fertilizers.
How often should I water my tomato plants?,"Water deeply 2-3 times a week, adjusting for rainfall and temperature."
Should I water tomato plants in the morning or evening?,Morning watering is preferable to reduce disease risk.
Can overwatering damage tomato plants?,"Yes, overwatering can lead to root rot and other issues."
How can I tell if my tomato plants need water?,"Check the soil moisture; if the top inch is dry, it's time to water."
What is the best way to water tomatoes in pots?,"Water thoroughly until it drains out the bottom, ensuring consistent moisture."
How do I know when tomatoes are ripe and ready to pick?,Ripe tomatoes are fully colored and slightly soft to the touch.
Can I harvest green tomatoes and let them ripen indoors?,"Yes, place them in a warm area away from direct sunlight to ripen."
What’s the best way to store freshly picked tomatoes?,Store at room temperature away from direct sunlight; avoid refrigeration.
How long does it take for a tomato to ripen after it is picked?,"It can take several days to a week, depending on maturity and conditions."
Why are my tomatoes not ripening on the vine?,"Factors include high temperatures, lack of sunlight, or nutrient imbalances."
What are the common pests that attack tomato plants?,"Common pests include aphids, tomato hornworms, whiteflies, and spider mites."
How do I identify pests on my tomato plants?,"Look for signs like holes in leaves, discolored spots, or the presence of insects on the plant."
How do I get rid of pests on my tomato plants?,"Use insecticidal soaps, neem oil, or introduce beneficial insects like ladybugs."
What natural ways can I use to control pests?,"Implement companion planting, use homemade sprays like a mixture of water and dish soap, or introduce natural predators."
Can pests completely destroy my tomato crop?,"Yes, severe infestations can lead to significant damage or loss of the crop."
What are the most common diseases in tomato plants?,"Common diseases include blight, blossom-end rot, and fusarium wilt."
How can I prevent diseases in tomato plants?,"Practice crop rotation, ensure proper spacing for air circulation, and avoid overhead watering."
Why are my tomato leaves turning yellow?,"Yellowing leaves can indicate nutrient deficiencies, overwatering, or disease."
How do I treat blossom-end rot in tomatoes?,Ensure consistent watering and add calcium to the soil if needed.
Why do my tomatoes have black spots on them?,Black spots can be a sign of blossom-end rot or fungal infections.
What type of soil is best for growing tomatoes?,"Well-draining, loamy soil rich in organic matter is ideal."
Should I use compost or fertilizer for tomato plants?,Both compost and balanced fertilizers can provide essential nutrients.
How often should I fertilize my tomato plants?,Fertilize at planting and then every 4-6 weeks during the growing season.
What nutrients are essential for healthy tomato growth?,"Nitrogen, phosphorus, potassium, and calcium are crucial."
How do I fix nutrient deficiencies in tomato plants?,Identify the deficient nutrient and amend the soil accordingly with specific fertilizers.
How often should I water my tomato plants?,"Water deeply 2-3 times a week, adjusting for rainfall and temperature."
Should I water tomato plants in the morning or evening?,Morning watering is preferable to reduce disease risk.
Can overwatering damage tomato plants?,"Yes, overwatering can lead to root rot and other issues."
How can I tell if my tomato plants need water?,"Check the soil moisture; if the top inch is dry, it's time to water."
What is the best way to water tomatoes in pots?,"Water thoroughly until it drains out the bottom, ensuring consistent moisture."
How do I know when tomatoes are ripe and ready to pick?,Ripe tomatoes are fully colored and slightly soft to the touch.
Can I harvest green tomatoes and let them ripen indoors?,"Yes, place them in a warm area away from direct sunlight to ripen."
What’s the best way to store freshly picked tomatoes?,Store at room temperature away from direct sunlight; avoid refrigeration.
How long does it take for a tomato to ripen after it is picked?,"It can take several days to a week, depending on maturity and conditions."
Why are my tomatoes not ripening on the vine?,"Factors include high temperatures, lack of sunlight, or nutrient imbalances."
What are the common pests that attack tomato plants?,"Common pests include aphids, tomato hornworms, whiteflies, and spider mites."
How do I identify pests on my tomato plants?,"Look for signs like holes in leaves, discolored spots, or the presence of insects on the plant."
How do I get rid of pests on my tomato plants?,"Use insecticidal soaps, neem oil, or introduce beneficial insects like ladybugs."
What natural ways can I use to control pests?,"Implement companion planting, use homemade sprays like a mixture of water and dish soap, or introduce natural predators."
Can pests completely destroy my tomato crop?,"Yes, severe infestations can lead to significant damage or loss of the crop."
What are the most common diseases in tomato plants?,"Common diseases include blight, blossom-end rot, and fusarium wilt."
How can I prevent diseases in tomato plants?,"Practice crop rotation, ensure proper spacing for air circulation, and avoid overhead watering."
Why are my tomato leaves turning yellow?,"Yellowing leaves can indicate nutrient deficiencies, overwatering, or disease."
How do I treat blossom-end rot in tomatoes?,Ensure consistent watering and add calcium to the soil if needed.
Why do my tomatoes have black spots on them?,Black spots can be a sign of blossom-end rot or fungal infections.
What type of soil is best for growing tomatoes?,"Well-draining, loamy soil rich in organic matter is ideal."
Should I use compost or fertilizer for tomato plants?,Both compost and balanced fertilizers can provide essential nutrients.
How often should I fertilize my tomato plants?,Fertilize at planting and then every 4-6 weeks during the growing season.
What nutrients are essential for healthy tomato growth?,"Nitrogen, phosphorus, potassium, and calcium are crucial."
How do I fix nutrient deficiencies in tomato plants?,Identify the deficient nutrient and amend the soil accordingly with specific fertilizers.
How often should I water my tomato plants?,"Water deeply 2-3 times a week, adjusting for rainfall and temperature."
Should I water tomato plants in the morning or evening?,Morning watering is preferable to reduce disease risk.
Can overwatering damage tomato plants?,"Yes, overwatering can lead to root rot and other issues."
How can I tell if my tomato plants need water?,"Check the soil moisture; if the top inch is dry, it's time to water."
What is the best way to water tomatoes in pots?,"Water thoroughly until it drains out the bottom, ensuring consistent moisture."
How do I know when tomatoes are ripe and ready to pick?,Ripe tomatoes are fully colored and slightly soft to the touch.
Can I harvest green tomatoes and let them ripen indoors?,"Yes, place them in a warm area away from direct sunlight to ripen."
What’s the best way to store freshly picked tomatoes?,Store at room temperature away from direct sunlight; avoid refrigeration.
How long does it take for a tomato to ripen after it is picked?,"It can take several days to a week, depending on maturity and conditions."
Why are my tomatoes not ripening on the vine?,"Factors include high temperatures, lack of sunlight, or nutrient imbalances."
What are the common pests that attack tomato plants?,"Common pests include aphids, tomato hornworms, whiteflies, and spider mites."
How do I identify pests on my tomato plants?,"Look for signs like holes in leaves, discolored spots, or the presence of insects on the plant."
How do I get rid of pests on my tomato plants?,"Use insecticidal soaps, neem oil, or introduce beneficial insects like ladybugs."
What natural ways can I use to control pests?,"Implement companion planting, use homemade sprays like a mixture of water and dish soap, or introduce natural predators."
Can pests completely destroy my tomato crop?,"Yes, severe infestations can lead to significant damage or loss of the crop."
What are the most common diseases in tomato plants?,"Common diseases include blight, blossom-end rot, and fusarium wilt."
How can I prevent diseases in tomato plants?,"Practice crop rotation, ensure proper spacing for air circulation, and avoid overhead watering."
Why are my tomato leaves turning yellow?,"Yellowing leaves can indicate nutrient deficiencies, overwatering, or disease."
How do I treat blossom-end rot in tomatoes?,Ensure consistent watering and add calcium to the soil if needed.
Why do my tomatoes have black spots on them?,Black spots can be a sign of blossom-end rot or fungal infections.
What type of soil is best for growing tomatoes?,"Well-draining, loamy soil rich in organic matter is ideal."
Should I use compost or fertilizer for tomato plants?,Both compost and balanced fertilizers can provide essential nutrients.
How often should I fertilize my tomato plants?,Fertilize at planting and then every 4-6 weeks during the growing season.
What nutrients are essential for healthy tomato growth?,"Nitrogen, phosphorus, potassium, and calcium are crucial."
How do I fix nutrient deficiencies in tomato plants?,Identify the deficient nutrient and amend the soil accordingly with specific fertilizers.
How often should I water my tomato plants?,"Water deeply 2-3 times a week, adjusting for rainfall and temperature."
Should I water tomato plants in the morning or evening?,Morning watering is preferable to reduce disease risk.
Can overwatering damage tomato plants?,"Yes, overwatering can lead to root rot and other issues."
How can I tell if my tomato plants need water?,"Check the soil moisture; if the top inch is dry, it's time to water."
What is the best way to water tomatoes in pots?,"Water thoroughly until it drains out the bottom, ensuring consistent moisture."
How do I know when tomatoes are ripe and ready to pick?,Ripe tomatoes are fully colored and slightly soft to the touch.
Can I harvest green tomatoes and let them ripen indoors?,"Yes, place them in a warm area away from direct sunlight to ripen."
What’s the best way to store freshly picked tomatoes?,Store at room temperature away from direct sunlight; avoid refrigeration.
How long does it take for a tomato to ripen after it is picked?,"It can take several days to a week, depending on maturity and conditions."
Why are my tomatoes not ripening on the vine?,"Factors include high temperatures, lack of sunlight, or nutrient imbalances."
What are the common pests that attack tomato plants?,"Common pests include aphids, tomato hornworms, whiteflies, and spider mites."
How do I identify pests on my tomato plants?,"Look for signs like holes in leaves, discolored spots, or the presence of insects on the plant."
How do I get rid of pests on my tomato plants?,"Use insecticidal soaps, neem oil, or introduce beneficial insects like ladybugs."
What natural ways can I use to control pests?,"Implement companion planting, use homemade sprays like a mixture of water and dish soap, or introduce natural predators."
Can pests completely destroy my tomato crop?,"Yes, severe infestations can lead to significant damage or loss of the crop."
What are the most common diseases in tomato plants?,"Common diseases include blight, blossom-end rot, and fusarium wilt."
How can I prevent diseases in tomato plants?,"Practice crop rotation, ensure proper spacing for air circulation, and avoid overhead watering."
Why are my tomato leaves turning yellow?,"Yellowing leaves can indicate nutrient deficiencies, overwatering, or disease."
How do I treat blossom-end rot in tomatoes?,Ensure consistent watering and add calcium to the soil if needed.
Why do my tomatoes have black spots on them?,Black spots can be a sign of blossom-end rot or fungal infections.
What type of soil is best for growing tomatoes?,"Well-draining, loamy soil rich in organic matter is ideal."
Should I use compost or fertilizer for tomato plants?,Both compost and balanced fertilizers can provide essential nutrients.
How often should I fertilize my tomato plants?,Fertilize at planting and then every 4-6 weeks during the growing season.
What nutrients are essential for healthy tomato growth?,"Nitrogen, phosphorus, potassium, and calcium are crucial."
How do I fix nutrient deficiencies in tomato plants?,Identify the deficient nutrient and amend the soil accordingly with specific fertilizers.
How often should I water my tomato plants?,"Water deeply 2-3 times a week, adjusting for rainfall and temperature."
Should I water tomato plants in the morning or evening?,Morning watering is preferable to reduce disease risk.
Can overwatering damage tomato plants?,"Yes, overwatering can lead to root rot and other issues."
How can I tell if my tomato plants need water?,"Check the soil moisture; if the top inch is dry, it's time to water."
What is the best way to water tomatoes in pots?,"Water thoroughly until it drains out the bottom, ensuring consistent moisture."
How do I know when tomatoes are ripe and ready to pick?,Ripe tomatoes are fully colored and slightly soft to the touch.
Can I harvest green tomatoes and let them ripen indoors?,"Yes, place them in a warm area away from direct sunlight to ripen."
What’s the best way to store freshly picked tomatoes?,Store at room temperature away from direct sunlight; avoid refrigeration.
How long does it take for a tomato to ripen after it is picked?,"It can take several days to a week, depending on maturity and conditions."
Why are my tomatoes not ripening on the vine?,"Factors include high temperatures, lack of sunlight, or nutrient imbalances."
What are the common pests that attack tomato plants?,"Common pests include aphids, tomato hornworms, whiteflies, and spider mites."
How do I identify pests on my tomato plants?,"Look for signs like holes in leaves, discolored spots, or the presence of insects on the plant."
How do I get rid of pests on my tomato plants?,"Use insecticidal soaps, neem oil, or introduce beneficial insects like ladybugs."
What natural ways can I use to control pests?,"Implement companion planting, use homemade sprays like a mixture of water and dish soap, or introduce natural predators."
Can pests completely destroy my tomato crop?,"Yes, severe infestations can lead to significant damage or loss of the crop."
What are the most common diseases in tomato plants?,"Common diseases include blight, blossom-end rot, and fusarium wilt."
How can I prevent diseases in tomato plants?,"Practice crop rotation, ensure proper spacing for air circulation, and avoid overhead watering."
Why are my tomato leaves turning yellow?,"Yellowing leaves can indicate nutrient deficiencies, overwatering, or disease."
How do I treat blossom-end rot in tomatoes?,Ensure consistent watering and add calcium to the soil if needed.
Why do my tomatoes have black spots on them?,Black spots can be a sign of blossom-end rot or fungal infections.
What type of soil is best for growing tomatoes?,"Well-draining, loamy soil rich in organic matter is ideal."
Should I use compost or fertilizer for tomato plants?,Both compost and balanced fertilizers can provide essential nutrients.
How often should I fertilize my tomato plants?,Fertilize at planting and then every 4-6 weeks during the growing season.
What nutrients are essential for healthy tomato growth?,"Nitrogen, phosphorus, potassium, and calcium are crucial."
How do I fix nutrient deficiencies in tomato plants?,Identify the deficient nutrient and amend the soil accordingly with specific fertilizers.
How often should I water my tomato plants?,"Water deeply 2-3 times a week, adjusting for rainfall and temperature."
Should I water tomato plants in the morning or evening?,Morning watering is preferable to reduce disease risk.
Can overwatering damage tomato plants?,"Yes, overwatering can lead to root rot and other issues."
How can I tell if my tomato plants need water?,"Check the soil moisture; if the top inch is dry, it's time to water."
What is the best way to water tomatoes in pots?,"Water thoroughly until it drains out the bottom, ensuring consistent moisture."
How do I know when tomatoes are ripe and ready to pick?,Ripe tomatoes are fully colored and slightly soft to the touch.
Can I harvest green tomatoes and let them ripen indoors?,"Yes, place them in a warm area away from direct sunlight to ripen."
What’s the best way to store freshly picked tomatoes?,Store at room temperature away from direct sunlight; avoid refrigeration.
How long does it take for a tomato to ripen after it is picked?,"It can take several days to a week, depending on maturity and conditions."
Why are my tomatoes not ripening on the vine?,"Factors include high temperatures, lack of sunlight, or nutrient imbalances."
What are the common pests that attack tomato plants?,"Common pests include aphids, tomato hornworms, whiteflies, and spider mites."
How do I identify pests on my tomato plants?,"Look for signs like holes in leaves, discolored spots, or the presence of insects on the plant."
How do I get rid of pests on my tomato plants?,"Use insecticidal soaps, neem oil, or introduce beneficial insects like ladybugs."
What natural ways can I use to control pests?,"Implement companion planting, use homemade sprays like a mixture of water and dish soap, or introduce natural predators."
Can pests completely destroy my tomato crop?,"Yes, severe infestations can lead to significant damage or loss of the crop."
What are the most common diseases in tomato plants?,"Common diseases include blight, blossom-end rot, and fusarium wilt."
How can I prevent diseases in tomato plants?,"Practice crop rotation, ensure proper spacing for air circulation, and avoid overhead watering."
Why are my tomato leaves turning yellow?,"Yellowing leaves can indicate nutrient deficiencies, overwatering, or disease."
How do I treat blossom-end rot in tomatoes?,Ensure consistent watering and add calcium to the soil if needed.
Why do my tomatoes have black spots on them?,Black spots can be a sign of blossom-end rot or fungal infections.
What type of soil is best for growing tomatoes?,"Well-draining, loamy soil rich in organic matter is ideal."
Should I use compost or fertilizer for tomato plants?,Both compost and balanced fertilizers can provide essential nutrients.
How often should I fertilize my tomato plants?,Fertilize at planting and then every 4-6 weeks during the growing season.
What nutrients are essential for healthy tomato growth?,"Nitrogen, phosphorus, potassium, and calcium are crucial."
How do I fix nutrient deficiencies in tomato plants?,Identify the deficient nutrient and amend the soil accordingly with specific fertilizers.
How often should I water my tomato plants?,"Water deeply 2-3 times a week, adjusting for rainfall and temperature."
Should I water tomato plants in the morning or evening?,Morning watering is preferable to reduce disease risk.
Can overwatering damage tomato plants?,"Yes, overwatering can lead to root rot and other issues."
How can I tell if my tomato plants need water?,"Check the soil moisture; if the top inch is dry, it's time to water."
What is the best way to water tomatoes in pots?,"Water thoroughly until it drains out the bottom, ensuring consistent moisture."
How do I know when tomatoes are ripe and ready to pick?,Ripe tomatoes are fully colored and slightly soft to the touch.
Can I harvest green tomatoes and let them ripen indoors?,"Yes, place them in a warm area away from direct sunlight to ripen."
What’s the best way to store freshly picked tomatoes?,Store at room temperature away from direct sunlight; avoid refrigeration.
How long does it take for a tomato to ripen after it is picked?,"It can take several days to a week, depending on maturity and conditions."
Why are my tomatoes not ripening on the vine?,"Factors include high temperatures, lack of sunlight, or nutrient imbalances."

